deviceUid,deviceName,serialNumber
00615804-a9a0-4c2d-8bd0-de19d76ac6ec,PC457C4W18,MJ06FCRB
0084278e-7e6e-4d1c-b057-8836ac5a502e,CSAA6545RDPW20,MJ09AXGX
00cd1328-916e-4ca9-ad1e-c3571973fc6f,SCCM2019W22,7LQ0V12
00ed9b04-609d-4e10-a15e-c2090da330cf,MOSESJCU9614W21,279W2R1
013a8030-611b-4c9f-86e8-d1c37b71876e,310PM1,MJ098B52
015b22ed-18c5-4065-bdab-025b93632f5c,WH411PC1W17,MJ05FNXK
0165e260-ec40-4751-b532-062e16ccfc81,PC4FD3W18,MJ05FNZG~~MJ05FNZG
019497d7-6382-41a2-af3d-ceb574cbe7e7,AS303PC1W18,MJ05NLE9
01ef7d7a-321b-43e9-8907-6ad40b719c4e,PC426W2018,FQYK482
021735ba-139d-4843-9440-65554ae0c17b,WH406W18,FR1F482
02b3ba17-edd9-43c7-b69e-7a8708340878,WHFD1W18,MJ05FNZC
02d9a046-6a33-4ac0-a4cc-ff016e5b2c22,CS47102W16,7JJFJB2
0494bf3d-a1fd-42ee-accc-20efcad5cc7f,MR336FW20,MJ04TBMH~~MJ04TBMH
04c29efa-5bfc-449f-8765-7f82d882db3d,PC3AF168W20,5HWXR72
04cedfd8-856f-4fef-9973-7db0b966422f,FLUVACC07W22,BCYFT32
0540e365-c6c0-4266-a10d-fff85730f94d,FLUVACC02BW22,BKZXD12
05c3c3de-73b5-4e01-a41f-632822723427,CSPRAGUE-LENOVO,PF1NAWXK
05d4f0df-bede-4f50-8498-3c3ab6519866,ADMIN474GW20,MJ09AXS3~~MJ09AXS3
0608500a-256e-44db-a290-6b5ba83658f6,PTEB1230W20,PF1860G5~L1HF85X005A~PF1860G5
071db504-27fe-44a8-ab5a-08c47f32bcd6,FAC352L2W22,MJ095FME
07256b48-bd2e-4b1b-abbd-f43c528a6fbe,PA1W18,MJ06GTN7
0739e914-6330-4e18-bed7-fbdf68100d5f,PC424C4W18,MJ06GJ49
075b79a4-3f7b-4b64-875b-c5adfefb9a9a,HPLPJMM693M19,C02P70JQGFWN
0796966f-71b4-4fff-a20a-c79e25337881,SP330AW19,MJ07RGWF
0809d215-4fed-4546-adbf-3fcf01d1354c,DIESELMB,C02YN30FLVDD
0817e088-6e4f-4c7e-9f12-fa40ae862ae4,PTRYGLEN01W22,MJ098B3J
09380f7f-ab41-4801-bc47-9aa6dd48c28e,PHARM5W19,MJ08NX90
099be2c9-0daf-4a9a-942b-75737b45e81e,PA13W18,MJ06GJ54
0a0244b6-725c-41d1-980d-dcebd22e03dd,WL344K7W18,GZDQG42
0a751ba5-7812-426d-864b-04b8d12d64a0,CS351IW22,G9X03Q3
0a79fff3-bf80-4479-9993-08df4c28ded7,MCSDCWIN10-504,VMWARE 42 12 C0 D2 E4 AC 08 14 98 9D D6 B4 29 47 C
0ad8972a-fd83-42d7-b158-b597dd8f598c,WS202W15,7JN6JB2
0bed3f2b-f617-4700-8b94-a409496309fb,PCOG13W20,PF17U312
0bf4ade8-2181-4333-ae32-8eed2840cc64,KITCHEN1W19,MJ08NX9A~~MJ08NX9A
0bff2f10-158b-4ee5-b8c8-25777e5b8506,FI476W19,MJ07RGWW
0c3dc8a5-e675-41ff-896f-390c4fb8f724,PC457A4W18,MJ06HAG6
0ccb7a1c-92bc-452b-a85c-8616a9a840ab,PSSAEP7LPW20,MJ0BXVXY
0d39bc4e-9c4a-4412-a0d1-6787dfccbc46,MC210W19,MJ08NX8X
0d5d4133-0ebf-49b9-b68d-72132258966a,HPO402CW19,MJ07RGWM
0e06fe32-8f1b-4292-97dc-fc2a35f4138b,MCBT01W22,FQZK482
0e658bd3-3108-4fa4-8527-1b07a80872dc,CS47105W22,5TN83Q3
0ee91523-2354-41a3-9c56-2889d2cc86ff,VACC05W21,MJ09AXTN~~MJ09AXTN
0f4b6c17-0de3-4a49-a675-8b9e585dcde8,MCKH115W20,8GWXR72
10b5df28-d99f-4277-8513-95bddc12ca7e,CS47104W22,37W83Q3
10be3c0f-3bc6-4624-88a3-ceb1a541aad0,WH405W22,MJ09AXGJ
112bf8ef-2607-4233-a573-93470cd4251a,MC214AW20,HG1WPD2
1183ab3d-b74c-4f58-9d10-d664c91e2897,CS47108W22,HR783Q3
11be7b0c-89a8-4437-8cbd-b3bbbe17ff5a,PC320W18,FR0K482
12194f18-d8e0-41f4-b533-f0ef027ca1ba,CS47103W16,7JH2JB2
130d3c96-f94b-4f4b-bedd-7fbcac616f98,PSSXT1W20,MJ0BXVZL
132ceb6b-d1e6-4e7f-ba74-f25af2c6483f,IT352GSRW21,6K82CM2
134140b8-3f9e-4ef2-be94-1d0a1f2240ca,PA3W18,MJ06H0PM
14191a7f-116d-4934-9817-0ffdba977e5e,FAC352A2W21,MJ08NX92
1443f4a5-7b5d-4786-8c81-1cb3f544f8d8,PC459C1W18,MJ06FCRS
14fb2a01-17bd-413d-94e6-8cbd2e8a22df,ALLISONLOANER,6MFYR72
1538ff7e-7e4a-479f-b332-c72481981af9,CRCSNV208LPW22,CLRK493
15586be8-3b82-47d9-a454-d197c8820bc5,CRCKN1615W22,85BH793
156c262b-e765-4500-8dbb-19a5241693a3,AD474KW18,MJ05NLFB
16489c51-5ec2-4177-87ee-11d199b4733b,PTRYGLEN01W18,MJ05FNYB
1659d077-c2b5-4231-b7cc-617f48e666e9,PCROGBO23W18,7JK6JB2
1666bf40-59fe-4dc6-ac54-9781d58e0e14,PC4EMB2W20,PF17TSPK
169a8f67-2a81-47bd-956f-74f10881bda0,QIMZ2138W18,MJ07RGWQ
16bc26c9-2522-4bdf-9dd2-04e44ed72435,CSLOUNGEPM1,MJ09AXR2
16be2c4b-b629-4798-86ef-4e93d2b53de6,PC443W18,FQXK482
17481a03-fa41-46e1-ab4f-e540702f1492,WLFD1W17,7JN4JB2
17e3b47f-43f0-40ad-8eae-e8b7e1a9ef66,MCLKB329LPW22,BYQ6F63
184a6ee0-113e-4631-91f7-71522d545cc4,PSSJC20W20,MJ0BXVZE
1958dbf9-5680-4c53-9b8c-f6c73a6a6b74,PT460C2W18,MJ06HAGM~~MJ06HAGM
1a6c5775-adfb-45ad-a046-32dab4286071,PSSNC79W20,MJ0BXVYR
1a9eae0c-024e-43de-8be2-aba359e75fb7,OP472DW19,MJ08NX99
1ac8fd52-d1d0-452d-b6d2-44299a3109b5,MCFD4W19,MJ08NX97
1aced625-9d28-44f1-91b6-e67a385dc081,MCWDCWIN10-508,VMWARE 42 34 92 A0 3B BD A2 4B 77 BC C2 D6 44 FB A
1b5883c8-c18a-42bc-9533-7448b88e081b,PCAF168LPW22,F1WJ493
1b6dc2d4-fcdd-4b70-9370-f026df5467cf,WH421W18,FR4K482
1b9f0ddb-3816-4606-960a-fb482e2756b8,CSGH211W20,C1X7M32
1bda64b5-a3d6-416f-8f56-3e8337c7a83a,PC449W18,7JL5JB2
1be55f76-2847-4f35-99ce-096118163c78,SP333BW19,MJ07RGWD
1c340bad-0a54-4d1e-b526-a3f3eb4a77e6,PC3TM3832W21,CZQ6F63
1cf31640-c223-4a9f-a299-5a5ac26939ac,PC319W18,7JLGJB2
1d7c5aac-4266-4b90-af2f-4221f04f63c9,MCJS7044LPW22,7T1K493
1dcea4d6-8b06-442b-a94d-52f37c24430c,CSPOLLS4309W18,MJ05NLEN
1df408c2-7931-480d-a615-58d6539e11f8,PC307W19,MJ06FCS1
1e033e70-976e-4aa8-bf97-da4b6dda8341,PC306AW19,MJ08NX8Z
1e3ccee3-7ddf-4241-99c9-1d96f9989a58,WIN10ALLISON,VMWARE 42 12 AC A8 D5 33 07 D8 72 A7 24 8A 51 09 6
1e54d43b-2832-427c-ace2-c8a2462e9e06,AJS375TEMPW22,C5RK493
1e6653f8-5d7a-4019-be48-b3e875ae9582,CS351CW22,3BX03Q3
1f7f501a-2adb-4111-98df-3d120a128b75,ADCMW227W21,6XQ6F63
222435e4-15e6-47d7-b6e6-2d7a9f282822,CSWHY1W20,7SC9T32
22801d6a-67f3-4882-a919-d12668c3703c,PC3MV1748W20,D00YD12
22a03866-b573-4c13-873f-d8403aa93dbb,PC3HOELZS01LPW2,PF1NAYWM
22ebeb47-cd13-4b06-a0d4-debf014a859b,WL344K05W22,JWTSKM1
23f72670-6338-4ffb-8d4b-8ee6afe7f992,PC322AW18,H3FQG42
2446c352-338d-4c7a-a55a-8c3dcf267f1b,WH414W18,FR0J482
24ecd3f6-d5d1-48ef-8286-0b668fcf2a47,PSSED100W20,MJ0BXW0Y
25050ba3-c4be-4edb-a6a9-b38ed0532369,SB920DW18,FR2L482
25661092-eb8a-44c7-a151-fcf9678ca165,PSSINC1W20,MJ0BXVXW
26174e59-81ed-4683-818f-d76f5917fcd8,MCBT12W22,JWTSGX1
2638b0a2-9fd6-4d8d-a01e-d369e64fb956,RYANT1700W18,DYLKZ12
264c76ba-5d55-402e-8604-4913497dfa20,MC214BF,7JLDJB2
28127d58-8f48-4dd4-b4da-f35c28558f44,RX1W18,MJ05FNZW
281cd00c-f66f-4b0d-bba9-d387daae0e14,CSROGB047W19,JWTSC42
28b9935e-5e1f-4cf5-ba2d-5ddb69655964,MCFD3W19,MJ08NX9C
29208248-21d5-4488-ba22-dcfd687346c6,CS3FD1W18,MJ05NLCC
29ae8bf0-e3ea-49d5-aeff-af88f584bb62,ADFD1W20,MJ098B4G
29c0ba14-b8c5-4fbf-8569-a6050728a0c6,CRCYAW18,PF186L84
29c42228-b818-4512-bec4-7335add1056c,PC306W18,MJ06H0PZ
29e5167c-9bdd-4b34-be37-ca2a6f3bc556,WL344K4W18,DRDQG42
29fcc91e-81ed-4ce8-b0d5-a70e4c6e02c5,PC4NS4W18,MJ06HAH6
2a250ee3-c512-4a11-a1af-a876cf4bb362,MOSES2MTW19,CYDQG42
2ac1b482-8c34-403d-88ff-aee5dec3ff0e,AD474LW21,FR5F482
2adebc1a-119a-4566-b981-8bdd881c4067,PC322B3W18,MJ05NLC6
2b68350c-3bf5-444e-8260-a4e144fe743f,WH412W18,FQZF482
2bf36c23-5dd6-4a95-bed0-c087e9b05861,SYNSDC01,VMware-42 12 26 35 78 52 bb 32-a8 b5 2f 7a cd fe 28 57
2cc884d4-ca86-4a03-a831-0cf3ac147f00,MCSDCWIN10-503,VMWARE 42 12 98 D0 F5 6C E3 ED FF A2 8E C6 6C 2B 4
2cd3997f-effb-41b3-81c4-42e738feddc3,CS47109W22,28W83Q3
2ced43c3-9b2c-4fdf-b50b-55d04b3904b3,CS351HW21,JWTRM02
2cfbfb64-e02c-48a7-a6c1-af2ad9ef931c,PC468C1W18,MJ06GJ13
2db734a9-95f5-473b-bca1-f190c27fde1b,CSZR1W20,PF1Q46JJ
2e5cd800-0b0b-43aa-a3d5-42f1021f5cca,CSSEK571LP2W22,543Z593
2ed9967f-04db-4f33-a65e-db90322babf4,CS47120W16,7JH6JB2
2ee3e821-23a7-46bb-88a3-ed1c662862b5,WHSLC10006LPW22,79YX593
2f1e39ed-a39e-4d1e-9107-ff1730d02a89,MCMC8529W21,PF11MVP8
2f49503b-6430-489f-87f8-09f4214d4a70,WH427C2W18,MJ06GJ0X
3025102b-1960-49de-b7c8-077553bcf94c,MC202AW20,MJ08NX91
30454571-6ccd-40be-b060-2ef46bcaec62,MCNC48W20,J0MYR72
30e86347-9b31-4b93-850d-e743b435c3ce,HPSTUFW19,6TZXD12
30f5f0c0-f097-4062-bae2-727b6d6ca137,PC468C3W18,MJ06GJ10
3145812b-d37c-48fe-a725-009ec2201a96,INSJC8416LPW22,2D3Z593
314e4bf4-46c6-412a-b5cd-895c9b9d1d7c,WELLNESSTESTCAM,CFFQG42
3182ce69-58a8-4458-a0e9-dd403122a479,MCJSC578LPW20,PF1Q8Q2Z
318e7e9a-f3b8-476e-ba22-6d6356c64f58,WHNEWTOE01W20,PF13ZEMT
319cfbaf-5c30-45d8-994f-1fab4427b9ca,CSROGB048W19,JWTRC42
325b75db-3fc1-4948-9a95-30f050486c04,TI462RDPW21,MJ098B32
3284e3fa-dca8-412e-941d-e22c5d2f5c62,SB920BW18,FR2J482
329125df-bcc8-47ff-940b-496423fc1ead,MCBT19W22,24FQG42
32b13210-6134-41d5-93ca-2b655ec2f681,PC468C5W18,MJ06GJ4X
32c14d01-e6fc-4346-9f9a-c440311f7efd,FLUVACC04W22,GRX7T32
32efa2fa-cc0e-4bfc-8fc0-c8c4a0db6ed6,FLUVACC06W22,HVL7T32
33041d12-ad87-45d8-8bc1-6e99a6815e3f,PCROGB026CW19,F138C42
337d5360-1d4a-4b88-a6b7-579e5e4e6027,PC4NS5W18,n
34e0df94-808e-4711-8563-1ed4db1fffa6,PC324W18,FR0H482
358a309d-9baf-49b9-aa3a-aa028bee750b,PARVM2000DKTPW2,MJ098B5D
35b00a6c-f54d-458e-bda3-a5b863de5c56,MR336FW22,MJ09AXQ5
35dd36cb-9b0d-47c6-8f38-21787ffe1cd4,PAJC8416DKTPW21,MJ098B3Z
362dd775-6c77-4862-9b0d-e434de4d777a,CS47119W16,7JGDJB2
3667012c-ceab-4187-b415-35e30ddc50e3,WIN10LOW03,VMWARE 42 12 32 6D FA 71 71 9A 01 2B E9 BD D9 FA 2
3675d924-f9c7-4c24-bd15-286b7a401e32,PC454W18,5MFQG42
367fffa3-83aa-49a7-8b6e-6a7b17c8391e,CSAA6545W20,FPPXR72
36b17028-55b8-41c2-935e-b73a574c51c6,PC424C3W18,MJ06FCS3
3752d308-05a6-4ed8-8f0e-f9f201be22b9,WH415W18,7ZDQG42
3781d4b2-cfde-484a-9ef0-8aadd1c241a8,PC3JO63LPW20,PF1WMSC1
378867e8-3aec-417d-a330-ceb6e151f815,WLTAC405LPW22,GY1K493
37f154f6-ce23-496c-8b0f-d390a1b10120,CS47105W16,7JHGJB2
3806a0dc-15f5-4064-b2bc-1ef4f6c4ac89,PC442W18,FQYH482
38162a4e-5f94-4582-9dc3-7b766ba27d33,MONDOPAD_CC47,To be filled by O.E.M.
383681b8-26b5-4a3d-a331-3c2dcb40769c,WH423C1W18,MJ06HAH1
38b324be-7319-429b-8d57-779d9e24c40b,MCWDCWIN10-517,VMWARE 42 34 D9 B2 BD A7 F9 DE DC D4 6B 90 C8 48 1
38d6435d-d84d-48e1-9a5e-2c7f81717659,CRCAC9699W21,PF1Q1G65
38e75c86-da38-41b8-bd1f-b9ea91bed89e,CS47107W22,3YR83Q3
398216a8-b225-4896-91c2-dab5503e7d26,PA8W18,MJ06GJ2X
3b12897e-db3a-48cd-ae1a-24ca2eaec817,PCROGB041W22,7JHBJB2
3b69ef19-7977-4210-ac8d-301af258eb95,CSMR6123LPW20,PF1X44B7
3b6a8ba2-fbcd-4552-bed1-351dbffb01b7,STEVETEST,7JHDJB2
3bf13d6f-8999-48f3-901c-ec7e0eb25316,WHNS3W18,MJ06FCRG
3cff1cb1-fb7b-4701-8341-9dfa69edb436,SP333FW19,MJ07RGX2
3d18b9cd-7d6c-434e-8128-e945158c14b3,MC202CW19,MJ08NX9B
3d1a1d66-dcae-476b-ba55-e2576cd019f5,PC459C4W18,MJ06FCS7
3d576f78-bf4f-4ce4-8220-4e1f5706e29f,LOAN12W20,1LZWD12
3db77c16-9d76-4454-a35c-cd7e76f6e84e,OP472CW22,MJ07RGWZ
3e4670fc-7615-4abb-b305-742c08173940,ADLPSH165W20,MJ0BXVZR
3e47515e-3584-424f-ad73-89f1800beb92,CS47112W22,1YR83Q3
3edfa203-31a6-47c8-a598-e9f19f742381,MC353EW19,MJ08NX8V
3ef3b48d-a631-485b-8308-d027aae84bb9,FLUVACC05W22,2YL7T32
3f6a1536-94ab-4ea7-8c16-3b658022991d,AD474FD1W22,MJ05NLFJ
3f75c363-dd9c-4731-8475-9e04bdecd6b1,CS47101W16,7JK9JB2
3f9a1683-66af-44dd-b724-2679a585c8d8,DPNCAPPSDC02,VMware-42 12 c2 8e 88 25 8f be-b0 bc 08 a9 5e df 55 10
3fd2c83b-60bd-44bd-af0d-2a83be2d9a96,FACAG9277LPW22,BQZL493
40398063-2272-4b81-8721-0965b1ab02e6,METWDC01,VMware-42 34 3d 6f 77 b3 a9 ed-c9 7b 6e 49 f5 f7 5f 40
412e6efd-e85b-44d8-967c-c1161b971525,MCFD1W20,MJ098B4V
422ee7d7-edb2-4cc2-89e5-49418d492a7a,MCBCB4W19,MJ09AXTF
426ad799-9b97-4d91-b05b-23642a39e045,CS47113W16,7JM9JB2
4279b4ea-ee87-4c38-973e-0cdcf7fa6be8,PTHF20LPW22,PF1Q22T9
42bd21da-6a30-48f7-861a-d8992dcc659a,PA11W18,MJ06GJ28
42c090af-8657-4bdc-b879-4b23a89d2b29,PTFD1W22,MJ05FNYA
4321a558-1525-4e37-a103-7c5384ab8f96,PSSTMF4W20,MJ0BXW0T
432e26e6-b4c4-4414-a8fe-13734978a70f,QIBC3562W22,1TLX593
4395a037-d18b-4232-8c2f-e337d2715d81,PC312W18,FR1J482
43eae784-5376-4100-be71-27f69a6aca20,LENOVOREADY1,MJ09AXV4
448fc030-cd86-4c93-9023-24f6d6febe66,MC353DESK2W19,MJ09AXQM
44aaa29f-fd2f-45ea-bf01-432325819a23,MCR3AW19,MJ088019
44e8a266-cfda-4257-9803-b353409fff18,MCR2W19,MJ09AXV1
451c0562-eaeb-4da5-b310-4bb2d9bc1fd4,FI478W19,MJ07RGWJ
45384d3b-1804-4e18-9a3f-8c1d6c9239de,MININT-I8SJTSJ,PF1860HV~L1HF85X02E1~PF1860HV
45837a52-4700-4eb9-b778-93e26eb08479,WIN10LOW04,VMWARE 42 12 13 1F 41 4F 4F 4F 52 29 3A B0 86 0F A
45ffc0dc-d29e-4bd5-abad-7a6a3fae379b,MCWDCWIN10-504,VMWARE 42 34 E5 17 2E 26 2C C5 2F EC 10 F7 22 D0 6
4667d884-0255-47f0-80df-ca6a8d3e686f,DCAWS01,EC27AE19 6D47 710B 84F6 05D5AD0DD00F
4671159a-85bb-4697-82eb-f3db4379b050,PCROGBO25W18,7JL2JB2
46891e30-1d7c-4a8d-8df5-b7601c0708a7,QLMZ2138W20,PF1N8RMJ
46b71d5e-fe44-4d35-9615-3d9b972f5e7e,PC432W18,7JKBJB2
46ec9226-b768-4273-8c4d-2abb793ee6cb,MCBCB4W18,PF185UA6
4749e95a-aefa-4613-b188-00a04fb88f8b,PA2W18,MJ06H0PY
4787a83c-09ad-42a6-8d6e-ad6d047baf32,ADMIN474GW19,MJ08NX8S
47ae312f-c294-49ec-8d2c-ae7219629b74,MCREW8W18,PF186L8J
47f74c6a-2ae6-4cff-98c7-227de1e66946,WL344K1W18,9DFQG42
4827087c-48fd-44ff-aad0-b6a9b0f5fc7c,CS4FD1W18,MJ05NLDA
486c309f-d7a7-460c-b82d-e87c247e94e5,PA12W18,MJ06HAGP
48b8caeb-c7ee-4c39-b572-00dd95d37e3d,WHSVR38W19,PF1NAWXY
48d1efd1-45cc-4879-b5a0-6a2409ae98ab,SP330BW19,MJ07RGWP
4915eecc-0736-4014-b203-4feafe5c064a,MCBT09W22,DCFQG42
49368630-0fe9-4d24-bf6f-7b5a7068c4b9,5520A,GYQ6F63
496e3a75-c834-45d8-bb4b-518cf1c9f83a,DESKTOP-R4F09KK,0
49aaa645-906a-4c41-8c8d-30f053230131,PC3BJP246LPW21,PF1WLZ8Q
49cdcb92-9389-46c1-8a35-68c346982b73,CS351GW22,8V5KKQ3
4a3789f0-8879-4fb4-942b-fa3a3d34fb97,Tan Islam MacBook Pro,C02FJ763MD6N
4a55b30a-a80b-4ec4-96de-7ddee508b5f4,DESKTOP-L14SBKG,PF1WM5DB
4a6cf371-5cbb-4968-80ce-f6498d959334,AIPSA3LPW19,PF1Q1J44
4a90147d-9cda-44aa-bc6a-2bd2ee32f1b3,CSLOUNGEZM1,MJ098B46
4ab07b86-798c-4d9a-acd5-52cf1b2d4b0b,VACC13W21,MJ06GJ4Z
4ab3d17b-2f21-471c-9667-f66f27d98df0,PC445W18,FR3D482
4b7bbb54-bed8-425f-9db4-9b933c88dc01,DESKTOP-2HVHI22,PF1863BP
4b9955ce-fed3-4282-8a0b-49877cb77258,MCBOCW22,MJ098B4L
4bb3ce92-1b7a-40fc-996a-1967113c16f6,PC4FD4W22,MJ05FNZS
4c0243f4-067b-4bb6-8926-b980df6f2ba0,MC214CW20,HG0WPD2
4c9d4bd1-4213-4538-8ab0-f01367c829e3,MCWDCWIN10-516,VMWARE 42 34 1F 43 FF 63 E5 D6 32 73 BD 14 F4 CD B
4dbb2830-9e7a-4d58-bb9c-5a57bda9fb12,CSSBS533W18,7JM8JB2
4dd0cf71-db74-40be-b0b8-0a6922497c08,PCROGB034W16,JWTSM02
4e2618b9-34b3-4efc-afb4-e737623a03cd,PC3EKGLP2W20,PF1Q1EK5
4f10bb0d-8ebb-4acd-aadb-94316a1abd94,MCBT08W22,7JM7JB2
4f8235b5-1719-47cb-b379-34b2dd39923e,MCFD1W19,MJ08NX98
4fb2dfdd-7216-4ecf-a85f-44db961b0aa4,WLFDW22,JFZ83Q3
4fcc8775-096d-45d8-96e9-7ca9c7a3bba8,CRC03W21,MJ08NX93
50f1e467-58ff-4c9d-a55c-694474f2874c,CS4FD2W18,MJ05NLDE
522a819f-6b7e-4018-8f88-f63c09c2f7d9,ADZRS209W20,9BFYR72
52c6e496-8572-4ce0-a967-50c50e5dd38c,PCKB156LPW22,9KSK493
52f6c037-d148-4d74-a855-97ff855ff2e0,PC3SV2208W21,PF1WMCRW
5373038e-0282-4a91-8afe-c0d76a3fecd4,MCWDCWIN10-514,VMWARE 42 34 7A 74 65 AC 7A 8B C8 33 FB 4F 50 8A B
53989aee-df9a-4018-b123-1a88e0887b1c,PC325W18,MJ06HAG0
53cbdc23-1513-438e-8aa4-ccb6fa24606e,MCBT05W22,JWTSFZ1
5406666f-0c4e-4890-9d40-004284f973a1,DESKTOP-R0OHDVN,MJ09AXR6
547a6eef-c09c-4045-b9f5-c0a466216128,PCROGB041W19,JWTRKM1
5483d1fa-c02b-4362-8110-df003ac9883c,5510ABC,59RX593
54d62f82-958b-4935-8a5c-9367204c8dc8,MRAK90W22,J0MK493
5585c84f-f42e-4904-a4fe-ff1536057736,SP333GW19,MJ07RGWT
55a88989-687b-4112-bae2-c0af0a3140d1,CSBK58W21,PF1WMF08
55f05d5d-af80-43e5-b18a-7b715087d887,CS471BW16,7JH5JB2
5615487f-9a92-4cd7-b76b-d1a3f00d39db,PC314W18,FR3L482
56555f15-2505-4337-9577-dbf7f27b6a28,PC459C3W18,MJ06HAGD
56786316-76df-41d9-a25e-46249eb2a08a,CSLS897W18,PF1868S2
56ca4971-cb8d-447f-8afe-bde265cb7f73,MC353HW19,MJ08NX95
5706d115-c70f-4743-9fb7-e85f982dd739,WL344K10W18,3GFQG42
572f1e07-461f-4091-96df-c19e903ca74a,WLLK1407W20,DSR7T32
574e0b53-2afa-4c5b-8d2b-c382191af083,CS35104W16,7JLBJB2
5778aa70-3d59-4230-861d-c03793f74192,PC457C2W18,MJ06GJ3G
578854f4-ed5a-4787-afd9-1cbd8c2c9906,CS47111W16,7JJ4JB2
57b88106-4c65-42fa-b441-4d8fff87a443,WHFD2W18,MJ05NLCJ
57f529dc-1f12-4e92-bc67-c353ec32d630,CS47114W16,7JL6JB2
58353b79-9298-4ae2-897b-5521f0151c06,WH420W18,2BFQG42
5837d89a-9902-4009-976a-a3afb82d8026,MCSDCWIN10-506,VMWARE 42 12 C9 BF 84 AA 1F 88 FA 9A 02 5A 1F 5F B
586959dd-1926-4d1a-a3ad-2257bf0cbcdf,CSCHAFFM01W18,MJ05NLC2
58b3c8a3-ba3d-49d2-a2f2-b2c2a983f0e7,PC3NS2W18,MJ06GJ50
59595459-cb16-4799-bf1b-1a4828d51f05,PC3LJG2078W20,PF1WL9D2
59682efc-92cf-4f44-93be-5c9cdf587678,CS47116W22,5X8KKQ3
5a39ecbe-0818-4bf4-adc2-9df9867a8883,PC457A1W18,MJ06GJ2Q
5b44b7af-73a3-4210-8da2-1b505ed6f58e,CRCSC5829W19,PF1NAQRG
5b6e3ca7-807a-4b23-aa6a-f739328a2e1a,LENOVO-RYAN,PF13ZER2
5bfeaf95-4cfc-45cd-8241-0d6cf5e9c7ff,INLA518W20,HF1YD12
5c926f23-8dd4-4c3b-8db2-e415dd5b9521,PA14W18,MJ06HAH2
5cd0b860-e13e-4f1e-b097-60e463fe5650,PC453W18,FR3K482
5cf0a878-0569-4dea-96d6-614bd3ab878c,PC4NS3W18,MJ06HAFY
5e232bba-d726-416b-a63c-854af67d0fd7,CRCRJK373LPW22,PF1Q22V4
5e7bc33c-ce0e-4838-98ed-2a2a8db1569a,PCROGB32W18,MJ05NLE6
5ea85368-3915-496c-a5fa-bb296a259134,gargamel26’s MacBook Pro,C02G12X2MD6Q
5ebb18b4-1564-404e-bae4-34cb6bb79b58,PC4FD3W22,MJ09AXGE
5ecb89f9-50a2-44d6-8bb8-a404a489759e,CS47107W16,7JM4JB2
5f72709b-1cbf-4f22-946f-ad52cb6c8c53,WLRCS508LPW22,76PJ493
6040e864-20a4-4732-b4f5-9ed91f1626e0,CSAB9542LPW20,PF1WMCRD
6097b790-6566-49f4-940f-18178ec4bc33,BERLINLPW22,GFSX593
61032e35-ffdf-4578-ba6a-f98c919adbbb,INSJC8416W20,PF1SH2NT~L1HF97P002Y~PF1SH2NT
61304f98-875a-4aee-8671-0840585a88f8,WL344K2W18,3DFQG42
617dc3e5-db84-4b95-850f-ad9376b87783,MEDLIBZM1,MJ09AXLP
61d1ae9a-9825-4ad0-bdd4-69e482fc20a1,PC4MP1966W20,46LQR72
625517bc-176a-4d1f-85cd-b3ad81f65059,MCDR926W20,D3MYR72
6275e960-b877-4b90-96a3-ecf53e47a9f8,MC202DW20,MJ07RGWG
634cb895-fa63-432d-bd6b-e516607641a8,PC3LPW21,6DVRBW1
637fcb08-b515-40f8-bc81-526fa2d36f0b,PC441W18,FR2H482
63b15497-4eb4-4c91-bd25-a7a8191fe8f2,PTFD2W18,MJ05NLCB~~MJ05NLCB
63d18114-3e7c-41b9-87fb-4ea314c6a30a,COVIDTEST18W20,MJ098B3S~~MJ098B3S
63e1f918-f59b-4fac-84ff-1ca38b3331c0,WH429W21,MJ098B54
6442f78d-1c36-461a-a110-51a812ce3775,PC3NS4W18,MJ06HAGT
644ae405-dc2b-49ec-875f-0e78a5ee0992,MCBT16W22,42FQG42
64bdb255-1f65-439b-b5fd-54e3edec5322,ALLISONLPW21,PF0WQPX9
6540b51f-c804-4131-b4e0-ddbffa6d578e,PC3CB4897W21,JZQ6F63
66679b56-5008-4425-9a40-0d17444096ae,PC459C5W18,MJ06FCS4
6684d0e7-611e-4beb-ac86-cb5290216061,CRCMD5313W21,MJ098B4C~~MJ098B4C
673d6c06-a530-4077-80b8-75221c0e2f90,VEA726-01,VMware-56 4d 41 54 4e 19 33 84-b9 8b b0 31 e1 ee 71 13
673fb6b9-47b6-4c60-afb8-099c7472fae4,HPOSTUDENTAM19,FVFY43Z1HV2D
676f8b16-9a10-4bab-8b1e-b562ccfa4d07,,
67a0d71a-880c-4fb8-bc8c-89d352715716,PSSEDL4W20,MJ0BXVYW
67dd253c-9e8d-40bf-8e85-7b1389f40de1,ALFD1W18,MJ05FNYE
681bd129-2e26-4e2f-b247-102e36cfaf78,MC202CW18,MJ07RGWY
68314ce9-0ddf-4c8e-b8c5-5dfeb29b55b2,CSPCE206W19,PF1863D1
695491ae-9b9c-4831-8a42-caddaf90e8aa,CRCBAH296W19,PF1Q22A5
6a2f0c15-1155-4ec4-926e-f2cf74cce10f,WIN10LOW02,VMWARE 42 12 78 1C 14 3E F4 25 E8 E7 61 D2 B8 19 9
6b446477-674a-4e89-99ef-d1c1b31c9459,MOSESBK1W18,MJ06HAHB
6bad346d-85eb-4431-a753-6f02a73f901b,PCJL9323W20,GKFYR72
6bd75969-7bdd-46b6-bef8-6a2478c76e24,PTGH1290LP1W22,JCPJ493
6caff730-7ed3-4470-a97b-8f520d7f25b3,WV697WEA,GF5BZW1
6ce011c0-2f4a-4324-93e7-be1b418060e6,WH417W18,D3FQG42
6db9a0f2-3ca1-4862-a313-668f92333cbd,PC3FD2W18,MJ05NLCY
6df5dee4-b277-4f03-b01d-de7e5f73eeb1,PC321W18,FR3F482
6ee2f578-e1e4-477c-88b6-63147f701ccb,MCBT06W22,FR0G482
6f7fffab-800d-4cb3-ade6-ed772ddc6da6,CRCSMB687PCW21,MJ098B5A
6f9d4524-0ac5-47b0-8bb0-2399cdbcb5b0,WHNS2W18,MJ06FCSS
6fe5b5d1-5bf2-4ae2-8929-f24810bec2c7,MC202BW22,MJ06GTMQ
70ef76b2-995a-493c-a012-cd128ef46117,WL344IW21,7JH9JB2
71567afc-92c4-4807-afb7-63465a0e649e,PC457C3W18,MJ06GJ3S
7272d19b-f487-41d4-9113-74198733efb0,MOROGB042W19,JWTRLN1
7289337f-bd36-4a43-82dc-3fd6db72000d,WHSSLCPCW21,MJ05NLDQ
72b280da-8df4-46f9-bdac-2438952e686c,PC439W18,JWTRRL1
734d77f2-b451-4bb8-8d54-2b61caa92433,MC353BW19,MJ08NX9F
747ccbd7-a494-4030-a334-2cfbea255eb1,WL344K09W22,7JM6JB2
74bf0848-5805-459a-8201-d3e4c490c0ee,DPNCWDC05,VMware-42 34 f4 a1 0f 75 81 8d-1e 8f 13 ac 50 ca c5 33
755f063a-83d6-429e-b942-348ab870f202,WH410W18,BMFQG42
757ad287-d84f-4fd4-bb82-f5fb1955f333,PC437W18,G5FQG42
7580a6b1-3f7b-4e7f-94fb-969893ba70c1,IFMS10841LPW20,PC1LD7TF
75a6da97-31cc-4321-bbc8-9781f56cc2c1,PC457A2W18,MJ06GJ3U
768e7cbf-8d36-4271-bb59-2ee25080266a,PCROGB026AW19,JWTSB42
77292104-f4d5-4806-b910-44ba28c6af12,PCCC5903W20,CRS0342
781247cc-f68c-4e49-acc4-f3083f825add,AI347HW19,MJ07RGWK
784d3dcf-1788-401b-b708-738b89c1f8e2,IFSM3961W716,8JFYR72
78a5b937-d217-45d2-846d-4184f3240abf,CS351EW21,7JL7JB2
78e9f5e4-3889-4dcf-be09-ae86843ab6f9,WH408W18,FR3J482
79b8e691-5660-4a43-b354-9ccbc8294430,PC3LV2092W20,PF1WLZ9H
79fe6219-0bb5-4ad3-9f40-62a18a487b71,AS303PC2W17,MJ05NLFP
7a404112-1d87-4047-a6d4-6cccd4a9d17a,MCAEG450W20,H19PR72
7c2b6185-43ff-4689-a2af-38c2b808abbd,IFTW850LPW22,PF17U34D
7cdad6b7-c4e4-456e-9685-032633581794,PT460C1W22,MJ08801P
7d5329ee-6a49-4b1c-8f91-fc40bcba00ee,MCBOEW22,MJ09AXTR
7d920f91-04aa-443e-967a-db56c13fd803,LOANER2,C4W6T32
7dfde5bf-1ba5-4d05-a7e9-2f1e3c03f796,AD474DW22,MJ098B5P
7e42cb8e-9c04-48e6-b407-b2edf67f155d,SP330CW19,MJ07RGWE
7f49de34-281d-4bbf-88ae-db9023480cf9,WELL402CAMERA,JBM7QW1
7f6ffff6-33e3-48bc-bada-47472ee91f6d,PTRYGLEN01W20,DRS0342
7f89c840-adfb-432b-bf78-14f091948068,WLSLS14LPW22,45NM493
80aa93bd-0cb5-4194-a657-cebdb1c9b14d,PC444W18,FR0F482
8169330f-334c-4eab-8a7f-6733bb9f8570,FILAT5486W21,MJ09AZ30
818d73ca-3e38-42f5-8e42-a74978be91ed,AD0305W14,DRCZT12
81c4b637-c8c4-4b00-b5d9-ccdf23ad1137,CS47115W22,HSCP2Q3
81c54e3a-88fc-4796-934a-35e5d3c48774,CANONNE-PC,                                
8243e9b8-9a32-4bbd-8c23-6f1ddc5a6e3c,CSROGB044W19,JWTRQ22
82593047-3b01-4dae-a0a9-699996f8c2ea,MCRPC2ZMW19,MJ09AXT7
82cbe102-93da-4f40-b65b-4589607b3ee5,PA4W18,MJ06HAGX
82f92612-a830-4791-ad90-0c2983a77ec6,OP472CW22,INVALID             
8317f1d9-a206-41d9-b5ae-c3ea26d62639,PT460C2W22,MJ05FNWF
836b2cb8-4100-4cbf-ba6f-8551db6225ca,GAL532W17,F8FQG42
83d170ca-638c-44a8-9dd2-cda4eac5e733,PCKM5318W22,7LHJ493
84c15eda-8401-4b1f-a1e3-1c8f30b02796,MCBT17W22,76FQG42
850cd7b3-f383-446a-9b9d-e0e603b84fee,WLALB619W20,FYR7T32
857f747d-6b1b-4f24-870f-2d6b0ee24a67,AI347DW18,7JMFJB2
86695bf7-8cba-4ad6-be44-bb28518bf6ed,PC3MB8375LPW22,39GM493
86698b76-c10e-446a-beba-13d44ee65e88,OV4LAPTOP,PF1H0HFP
87a22ef0-94a5-44a7-9f92-36f3d3fb5c1a,WLDG1277LPW22,HLZK493
87b07f0d-b4b7-49a6-9585-0f155552820a,SPVT2151LPW22,GBYFT32
891c6c7a-8021-4f81-9f3e-0254c575cad7,CS351GW21,7JL4JB2
895d9a6d-c929-4b14-b4f9-b20e8539a7ed,DCAWS02B,EC2AACBA E2B5 A9CF 8CF2 FFCA26F5E88E
8a6f1fdc-11ce-4cda-afd3-945b9e1815dc,CS47122W16,7JJGJB2
8afadc92-d920-4448-877b-e91cd588449a,CSGROUPZM1,MJ098B38
8b16f85f-a597-42da-a481-fa1f810c44a0,PC4VG2133W20,5JWXR72
8c057d41-22e3-4139-af32-43c02dacb213,WH411C1W18,MJ06GJ2E
8cb55b90-9073-41a7-89d5-3ba492e6bb42,ALDW28LPW20,8RX7T32
8d27ee8e-eaa7-4da7-adc2-a9c3fa4730b2,WIN10ONEDRIVE,3444-9895-1295-3873-3913-2067-75
8dcb460b-8311-4074-8d43-4cf9c6150203,CS47116W16,7JH7JB2
8e36d663-f67b-4f99-829c-4d4dc0b7a25d,CRC02W21,MJ098B3L
8e994efe-2ca9-47a8-a8d6-b7f6235d696b,PCROGB039W19,JWTSQ22
8ebedb90-4ae4-45d6-b1ca-93991dc3bb6b,MCWDCWIN10-505,VMWARE 42 34 95 ED 54 D7 23 18 2E 28 B2 C9 45 CC B
8f1efc69-2ef3-43e3-a4c8-c5e31974cf71,PC305W22,FR3G482
8f37f1f7-7eb3-495b-a632-189a8345a256,MCJND272W20,64LQR72
8f49ade2-b83c-4966-ae92-057184d7a8b2,PC4EKGLP2W21,PF1WP28P
8f88d3f7-3a2b-4338-a0a3-4682d887062e,SSSWG01BW22,7JN3JB2
8f9f5dcc-e691-457f-8a6e-285f686239cc,NESHIGHWDC01,VMware-42 34 61 50 db 1c 54 b9-d8 da 39 cc f3 99 ba d2
8fc2cee5-9ce0-4a63-a94d-8f739e42b9b1,WXYLAPTOP,PF1863BP
8fd28f32-5fc6-4e5a-9780-f4e998b3ac49,MCRPC1ZMW19,MJ09AXRL
8fdc11e1-2415-4046-ab08-f4581967c6b0,OPFD2W22,MJ07RGX1
900fce4f-039b-4f76-84a8-e98ddcf15001,PCROGBO33W19,JWTRD42
90d903fe-2d31-4a75-a8e9-db92def7144b,,
90e4a5c9-ca38-4fbc-8696-6bf5915b06c8,CS351AW21,7JJ8JB2
90ea9f34-8bea-4d6e-b57d-8cb5405753ef,PPNCPXYSDC01,ec26f07d-557d-44e9-5969-f6a11b5d0eb4
918dc67f-c780-4862-92fd-c305072e2f4f,WHSLC10006PCW21,MJ07RGWN
91c75222-c769-4f4d-aa10-a777226e3147,PTLG102W22,PF1Q23GM
921832cd-8419-452e-b680-5d930e63f3d8,CS1217W17,FR4L482
923d11ac-e58c-419e-9e26-f5890caf15bf,OP472BW22,MJ07RGWR
9244c338-4140-48e7-aaf1-218528ad3591,MCWDCWIN10-506,VMWARE 42 34 14 28 48 26 49 62 37 F9 01 D3 DF 59 0
925abc33-9242-4f20-8b85-5c1603bc2d00,WL344K11W22,FQYJ482
926a711f-b6e7-4243-846d-7c9aef24e775,IF352JW19,MJ06GTME
92baa94f-0927-4cc8-8a43-b2ae330cfc21,MOSES353HWW18,FQYD482
9440eb13-b8dc-4be9-93ab-f41fc1ac7bd9,SB920EW18,FQZH482
944ad241-73ea-4841-894e-b535b2ff5e6d,PHARM4W19,7JN1JB2
94cbc63e-a216-41f7-b0d4-18339fb94ffb,IFSSM3961LPW21,MJ0ERAKD
9551613b-46ee-401d-a33f-196a23e20469,WH427C1W18,MJ06FCRK
95a4c2c5-2504-45d7-b592-57d573ad0917,PC436W18,5FFQG42
95e98852-731b-4ce6-aa54-42291c02bb2b,PA10W18,MJ06GJ4M
961de1fa-f0f1-4780-bd1c-a3d590fd5804,HPOBLACKMAC1,F5KVD067F693
967d921c-d77d-4b08-b9ca-fa5e8ba36cbb,PC4NS2W18,MJ06H0P0
96a14fa3-b18f-4475-ae7d-7dc5ea1f8ac7,MC214DW20,HG02QD2
9779e58a-0d4e-44ed-beb8-6d3e19384dc5,PA7W18,MJ06H0P5
978001d1-b3bd-4981-a095-7aa4ca725f0e,HPTN33M19,F5KTV05GF693
97ab8440-d2d6-48b3-9a02-aa9462ef73aa,Gargamel26’s Mac Pro (2),F5KXF0E0F693
97add467-68bc-4a16-912d-c0e6b684550b,CS47110W16,7JM5JB2
97eeaebb-6b2a-4610-be1a-b7f6337d2ebe,PSSAS12082W20,MJ0BXW0K
98102954-dfed-48ea-b64d-35fc01753719,PC313W18,FR4D482
981c5611-892b-45e4-bee1-5543010a6a81,PC328W18,MJ06H0P6
9827de0b-a544-4264-a3d9-119a60f430b8,PCDH357W20,61M7T32
98878a1e-4323-4491-a217-a8cc82269966,MC215DW20,7JHFJB2
9952d4ce-c168-4709-bab9-dd9acba51ae1,WH411LP1W18,PF1860E5
9969813e-9365-4ac6-96d2-05bf06669327,MININT-C3PRERA,VMWARE 42 28 E0 40 3F DC 9B CC C1 9C 62 47 76 92 B
99b63ba4-b2a5-41cb-82af-100126fdb878,CRCMDJ9638W21,PF13ZCWW
99dfe378-4548-4e61-8c6b-98703dd859a1,WH409W18,FR1K482
99f2e4a0-ec95-4c8d-989a-ab279b9b8070,MCBT20W22,6HFQG42
9a611ffe-6a74-4215-a37c-8654002449be,PC4NS7W18,MJ06HAFT
9a824178-def2-457c-b98e-0c9208b6cdb9,AIST41LPW22,7FPM493
9b0e662a-bb04-4190-9cc0-0ed96f47df48,MININT-OGNA2J5,MJ05NLCZ
9b6bce2b-619e-4e8e-99ce-c283a04c4153,PTLG102W20,PF1860HD
9bbcd98f-c381-45fd-a914-9e293168c9d3,PC457A3W18,MJ06HAGN
9d30cc29-c65a-443d-a33c-5107ad8f0f5b,WL344DW21,9VDQG42
9d5ca055-191b-4f8d-a735-948f643e16f0,CRC01W21,MJ08NX9D
9daedc20-5ead-4386-bd31-059906c40e79,CSJK5321LPW20,PF1WM7PB
9df0ec4e-6a24-4bd9-9838-25e45097917d,WH423C2W18,MJ06HAH3
9e12de87-61cd-4374-b903-3e5c96eafb5a,CRCAL4685LPW22,PF1WLP8D
9e63f32e-16b3-42bc-bd91-f38b7c498893,CS47106W16,7JH3JB2
9ea4833c-062a-4603-9dea-214e3d252f8d,PCROGBO29W18,7JK8JB2
9ec4451b-f2cf-48e9-94fe-ff74f4cece2c,MCBT11W22,7JK3JB2
9f9450cb-efa8-4533-b6e4-f928a44b19b7,WL344CW21,7JH4JB2
a033800b-25af-419d-a05b-0a1301ff87fd,2BTESTA,MJ09AXQR
a0456e8e-ec1c-439c-bb29-016f6b904b29,PC306AW21,7JJCJB2
a052a442-f3cd-4f48-9ee0-c149e4db4700,MRVL38W20,36X7M32
a29718be-9585-40b9-851e-470b9c9defcb,CS351KW21,7JM2JB2
a2dc9330-c73f-440b-b412-fb72c13b4433,PC341AW22,MJ09AXTZ
a2e3f771-c4d3-481b-91d1-840fc458940a,MCMLM218W18,PF185UD6
a32f730a-d2d2-4505-adc7-998d54e8470c,FLUVACC03W22,4S28M32
a41002a7-94bc-43cb-8325-d580ad97b31e,MCBT10W22,7JJBJB2
a4a54ec1-aaec-4659-bef7-c8aa3b710a2c,PC431W19,MJ08NX96
a742ffa3-82a7-428a-beec-793ce5d95528,CRCTW2594W21,PF1860GV
a75b02e7-7fd5-4ab6-9a24-209983acdcce,WIN10LOW06,VMWARE 42 12 5A 8D 2B 06 1F 15 BC E8 42 3D F4 0B 8
a75d4ba5-6a3e-44fd-8e99-aa182f6d8b85,PC448W18,7JLFJB2
a77d9fd1-4afc-4eda-ba6a-13f27d1bd2a6,MCREW8LPW21,MJ0ERA8B
a8537f5f-a82c-4baa-9a0a-63580c48e50f,PC4NS1W18,MJ06GJ2G
a8d47cc3-66b4-4724-917d-9e70d2d8ef94,WL344EW16,7JK7JB2
a8e14a8f-0ee9-4643-b293-388084e23e06,INSLA518LPW20,7QZXD12
a906c5e2-21b3-4cf6-b84d-2a584f605751,PCROGBO27W18,7JGFJB2
a91e7294-735e-455b-a3bf-6db847ef2d24,CS47104W16,7JMDJB2
a933b411-fb5a-4260-b919-e38b6f3d48fd,CS351IW21,2SDQG42
a95deb2e-1f93-45cb-b7ec-c50c441aa393,CSAS16982LPW22,279M493
a9f1b6ee-c305-42a7-8c3c-15b62c63494f,INSYS15W20,3DPRR72
a9f9fd5a-904d-4d18-8e44-7e12220a23d5,PC309W18,MJ06H0PD
aa63de8e-1be5-41bc-84c3-9644ffb9f1ed,MCWDCWIN10-509,VMWARE 42 34 27 77 B2 33 AF 90 D0 B4 75 BE 3B 3C B
aa81ec04-faef-45e8-9810-2aa8b8053004,PC341BW22,MJ06GJ2Z
aacc90e9-fe64-42fd-b296-1613d007613b,WL344K03W22,7JK5JB2
ab12a89d-af26-4e74-b5f1-fc434410c07f,MCWDCWIN10-512,VMWARE 42 34 CD 5E A1 DC B6 B3 13 94 45 98 3E 1F 2
ab49310f-8357-4131-8b81-14c16f11cd92,MCSDCWIN10-508,VMWARE 42 12 65 A9 9D C7 72 3F BC 1B 3F 91 92 AB E
ab54aebf-f28d-4ce5-98c3-d6d7885b9185,WLLF2303W20,3WYM722
ab8ce0d3-7e16-4940-ba4f-0e008eadcc6f,MCWDCWIN10-502,VMWARE 42 34 30 73 98 81 D4 50 2D 75 F5 FF FC FC C
aba7142d-6f29-4a4f-b95b-40104fb148e4,SOSDC01,VMware-42 12 29 90 71 45 a9 e8-90 ad cc bb b6 1c 72 5e
ac705d5f-83f0-4fe2-864c-aabaa077a8ab,CS351FW22,4YR83Q3
ad36dbce-7e45-4dbe-9dca-47423882e972,MCMO1529W20,3HFYR72
ade204e6-37c2-43ee-b6df-84c1f79960a5,WL344FW20,MJ09AXTE
adf34bce-62b4-4fbe-b50f-547ab6bb29e7,CS47108W16,7JJ5JB2
ae0f45c0-51b7-486a-a6f2-9fc208f7ed57,VACC11W21,MJ098B5M~~MJ098B5M
ae34b91b-6f62-4383-b746-9cc42014df09,PHARM1W19,5YM7B42
af66c8ec-4051-450e-a5ad-962040a2a06e,WH405W18,MJ06HAHJ
af7ddee4-c294-4601-9845-381f89435a70,WL344K3W18,60FQG42
af90c18d-746e-4603-bf0d-06cad70c8dc5,CS47118W22,GSCP2Q3
afdb3f3e-d492-4006-ba2e-cc4330265030,MCSDCWIN10-505,VMWARE 42 12 C6 A5 B3 5B E2 A7 BA CD ED 50 15 F2 0
b00b8446-0fd0-4865-8eb7-f1e750742972,MC202BW19,MJ08NX94
b019e94a-9d8c-4671-91b4-226ff839f259,AD474CW19,MJ091NYD
b13091e9-7f19-47e1-8820-d9ab923a181d,BKFD1W18,MJ05NLDR
b17b43c7-9d33-4bc3-a07b-b57ea1f80ab8,CSAM155W20,PF26XVBT
b17f866f-6d41-4042-bf78-b626c120fe9a,KITCHEN1W21,MJ06GJ3P
b1ab4b49-6dec-4c72-8b88-6c46b47b01d7,CS47102W22,DWN83Q3
b1ad34e7-1b31-4818-815e-5560f22bee58,DPNCPXYSDC02,EC2ECDFA C40E BA15 2827 4773DE7988C9
b1b0b175-7fad-425a-949c-2d559d1f1a49,WL344HW21,6CFQG42
b1ba1bca-25cf-437c-8823-b2e6230e6589,DTSHC1W19,MJ09AXLH
b1e3fa45-c500-4388-9367-0e1b67b06ddb,THESPACEPC01,F139C42
b24b236e-9b43-4998-bbeb-3b4d294a12bb,,
b2878860-47c0-4c23-a1f6-f84ed3a5d5f3,MCWDCWIN10-515,VMWARE 42 34 8C 80 70 1A C4 5B 8B 5E 34 DF 61 5D C
b3473624-1f51-49b6-9244-e8073edeef0c,,
b380a8ca-686f-43d0-a187-85b2eef368a2,MR6W18,MJ06GJ3N
b3b27290-1d5a-41fa-8dd0-a5d75636692f,PC3CH122LPW20,HWZXD12
b3c91525-df2f-4b2b-899e-cfc8013962bd,PC4AP50W20,C2X7M32
b3fcc975-16a2-4e91-a585-7f96f094af6e,PCROGBO31W18,7JJ6JB2
b46b1e25-9ddf-4fd8-bdb1-79f8042ddb2d,MCBT04W22,JDFQG42
b529d5b7-6ca2-43b2-a70a-cf2c5f5810b5,WLAL4685LPW22,JX7Y593
b52cfb52-d16c-423f-8141-429f994f3301,PC468C2W18,MJ06GTN4
b7b40d2d-f4a3-4f61-a97c-552140710b65,WL344K6W18,75FQG42
b7b7f8d7-d49c-4bd4-a553-98c294f8392d,PC4310AW20,MJ09AXTH
b7cab63b-1179-4bbd-9958-0a10c0bc76ae,CS47109W16,7JK4JB2
b813f315-d2e6-4984-abac-37368bf82082,PCAL131LPW20,PF11MTGM
b833d4a4-8fff-4f86-920e-f0f94d278e0b,PPNCTMPSDC01,VMWARE 42 12 4D 24 12 29 BC D0 C7 21 42 01 3D 5E D
b83ede24-decc-4af0-b8aa-53e0bc5d2a31,MCWDCWIN10-513,VMWARE 42 34 35 D1 DE 7A 1F 13 DE A5 51 A8 F7 E9 0
b8794c26-fb66-4924-8831-af3ec62b0fa1,PC3CAD9047LPW20,F20YD12
b8cdf22d-deba-43db-ae5c-9f8ecb147ab0,PC3FD3W18,MJ05NLCK
b8d85d4e-9f41-4fb9-9cec-834a733cead5,MCWDCWIN10-510,VMWARE 42 34 B7 B3 FB 6A 8E AF CA 96 88 BF 8C EC 1
b9be1e9c-16fb-4906-8fdd-6a6efa4b1888,KITCHEN2W21,MJ06GJ3J
b9e482c3-fc7e-4c92-b2cd-bfcc7c3c3566,DESKTOP-N48IOMK,PF13ZCUS
ba5e95ce-3c17-4c3a-97e1-24db31c018af,CS47106W22,J0S83Q3
bab59982-344e-4d77-acc7-0ece46086e1f,PC346CW18,MJ091NYS
bae1208a-0acd-402a-9b97-0393bb59445a,CS1218W17,FR5H482
bb12dd07-b9f4-42d6-a202-c3de172d76d5,IF352HW19,MJ06GJ1X
bb1ff09d-5a5c-4878-a9e6-06956d39b67d,PA9W10,MJ06HAHH
bb3421f8-e6e5-479a-9ee4-d5d09cfcbc93,MCSDCWIN10-502,VMware-42 12 d0 fb 00 75 fe 0d-50 a5 ac 06 7a 45 b0 e1
bb51b12e-8e5c-489d-9e43-035319eb59e8,MCBT03W22,JWTSCX1
bbbfca21-d4ce-40ea-a5ed-67db3f2ec6e4,WELLCAMERAW21,3MFQG42
bc53c414-283c-4290-9936-93de8749f38b,CSGC914W19,PF1Q1G4F
bc77a255-0b51-419e-a01d-180d2ac6af1c,WH418W18,FQZG482
bd5f622b-a7a5-4a2c-8a21-9747ee6811b9,AD474DW18,FR5G482
bdb96c40-76e5-4a6f-b22f-7580355e9dc4,WIN10MASTER,VMWARE 42 34 02 81 16 C0 13 2C 1D 77 CE AB B6 04 4
be05e6a7-1043-46c7-afa5-6c63ece47980,CS47117W16,7JL8JB2
be1a25d0-e109-4cc9-b73d-9a8377def810,BUENOSW21,PF1WMH74
be1fa842-3457-402c-8f2b-58e67bdbc80c,CRCALJ9168W22,PF1Q23LN
be6783b9-3005-4bc2-a736-093cce5f4e10,WHNS4W18,MJ06GTMN
be80f232-a608-4d6b-a316-ed2faa34222b,MC353GW22,8MFQG42
bed5fce6-2478-47af-8368-4743b78feac1,CS351EW22,7X8KKQ3
bf7a47b5-e9e1-432c-9ec9-ad8bf3962506,MCBT02W22,FR3H482
bfbb0e59-a6d9-4425-a4de-da6d5a97d943,MCBOBW22,MJ098B5T
bfc925a6-7229-4c6f-8281-251d9a323236,CS4FD3W18,MJ05FNYF
bffa81a5-3bd2-40cb-8527-9e073ec370ea,WL344K8W18,15FQG42
c01c5679-3412-4e60-aa4c-3cb2da3d0b6a,CS47118W16,7JKGJB2
c070c4ac-4898-4f7d-bfd8-8a7e8c4413a9,WL344K07W22,7JKFJB2
c0b71acb-4367-4eda-918e-cb834616f397,PSSSA166W20,MJ0BXVXA
c0d8acaa-3f0a-476b-92b3-691735bed23e,CS47123W16,7JL9JB2
c10bd753-744a-42fd-a810-1ce9fe5cd77b,MCWDCWIN10-501,VMWARE 42 34 D9 42 81 FA 64 CD B9 4B CD 8F 01 85 A
c16330a4-a804-45ce-8b52-16354b9fb9f2,MC202EW19,MJ06GTN8
c1a7e19c-9fd6-4364-a8e7-a584bd5282be,CSGROUPPM1,MJ098B56
c217b24e-ad5f-4f0d-8db1-738fe72655d2,PC452W18,JWTRV12
c253757f-d3cc-4a79-991f-658e5e5e9045,FILL4583LPW22,GQQY593
c33175fa-a184-40c8-a0fd-3c3273d9d081,CS47111W22,8SCP2Q3
c3567d58-75d0-4a04-acb4-fa291e5c949a,DESKTOP-60MTK74,MJ0BXVXV
c3d061fb-084e-4491-81d8-6e37d86ba788,PC430W18,FR2F482
c444dc91-88e1-4621-98ff-7fb57d6eebae,DESKTOP-AAOLM20,PF1WM9Y1
c44c1753-015d-4519-9bf8-f4644851f185,WH407W18,JKFQG42
c46d6c15-2ecd-421c-802c-bb1b53341aea,ADMIN474FW18,MJ05NLC3
c46ddfd6-4131-4455-9997-a1d382433379,PC424C1W18,MJ06GJ42
c5bff750-90fd-4b88-9ff1-d05a61966c1e,CSROGB046W19,JWTS842
c5ceb561-0189-4f04-bc6c-8e9e4ccc2d69,CS351JW21,7JMBJB2
c6041de5-96ed-40fc-ad97-61a841658f07,INLA518LPW22,8GRL493
c6c3e370-993c-48ff-a0ca-2b07ef73c356,WL344K9W18,7JMGJB2
c743dfe2-e24c-4656-aae0-c4a3a9199c25,X1234,PF1X446D
c771fdec-d8c3-47f1-8c9a-5b4a3a46da46,PC435W18,FQYF482
c7784018-0dc6-4515-8ac6-a27cb22361ad,CSAA6545LPW20,PF1NAJ1H
c7d3a145-339d-4586-9ea2-a7c25cf503e7,MCWDCWIN10-511,VMWARE 42 34 03 53 A5 55 33 F4 E6 CC 34 4C 18 2F A
c8252780-d545-42d3-8e2d-2d38c52171a6,CS47103W22,8FX03Q3
c8436401-1219-4fe6-895d-e5df3dedb53d,PC318W18,FR4H482
c8df0ff4-1296-46b4-9906-fc8ad9881cea,PC446W18,FR1H482
c9c24155-31a5-42d2-8cbc-282db733485c,SPIROMETRYW18,JWTSV12
c9cc3f8f-1371-4916-b376-fae4f4835d71,PC455W18,FR2G482
ca227178-2eb3-44d7-a209-0da88a1cba99,IF352DW19,MJ06HAGH
ca84ecec-6fde-4e30-bdfc-40c90714b086,RADIOLOGYCDROM,7JJ3JB2
ca85e2da-4640-491b-8140-a95fe5cd0eb9,PC451W18,FR2K482
cb3d0321-b46d-4820-a90a-8b09d39246bb,HPSTUCM19,C02WL5W9G8WN
cb5d2390-504b-4fb3-acfb-a43fd2abf767,MCBT14W22,7JMCJB2
cb771456-1e1b-4105-824d-4cd8d514ff3f,PC322B2W18,MJ05FNXT
cbbdbc3f-6225-4fef-a8f6-96ef7ce50e6e,MCBT21W22,D7FQG42
cbd36d36-fe99-48b8-8c28-66497c225d29,310ZM1,MJ098B34
cbed7c72-4536-40fb-b9f1-3177dea215f0,PC4FD1W22,MJ05FNZ4
cc9e7bb8-ada3-4b8b-a2cf-ed2c85d500b7,PC307AW18,MJ06GJ1K
cd16b312-ab6d-4c83-9923-c32917a9ecb7,PWISHCD01,VMware-42 1c 9b 0e 8c 2a 35 83-5f fa 74 a3 7e f5 04 a5
cd283647-3005-4a87-95ea-e1c133c67bef,PHARM2W19,FLFQG42
cd4bc371-44c5-45eb-9dae-fd35784389b4,PC4NS8W18,MJ06GTMR
cddfeff7-4815-4f57-8260-d40ec32750ac,DAPXYSDC01,VMware-42 12 0a 21 38 70 e3 6d-83 e5 36 c2 08 11 09 14
cdefc2ce-ddc4-417f-9974-1490a1812b30,MRLMB9LPW22,2RHJ493
ce6dc8d3-c797-40a4-a9ca-8e208e6b2f9c,,
ce91bb85-a157-4594-8d02-03903337905c,INSYS15W20,71MYR72
ced7bfde-e83d-4033-b763-1f0a95c94724,DPNCPXYSDC02,VMware-42 12 5c e8 3f b6 78 3d-f0 5b 1c af f7 cf af e3
cf4a2843-02ea-4432-9fc5-077ec5da8874,AI347IW19,MJ06FCSE
cfbdedb6-5bd2-46d3-8473-2c335489164b,WL344K12W18,CSDQG42
d00c285c-633e-45ff-a9ac-aa2302fb7fb5,CS47110W22,74T03Q3
d1d676be-c9df-429f-8ff3-092165471867,CS351FW21,53FQG42
d225e8d7-171c-4f1a-8c8a-4559c8f585ea,PTSYC299LPW22,4QGY593
d272dfe9-aee4-475c-9d88-78b445143a37,PPNCAWSSQLRPT01,ec2f6f7c-049d-20e0-88f6-08d53c3af97a
d27d7725-3ba3-4e5c-9ac3-12164dcb2014,CS4FD4W18,MJ05FNXV
d3aab488-5639-41a0-a70c-59ec35687903,PC304W18,MJ05NLCA
d3ce1a88-51dc-4754-ade5-17ab4e352c65,MREA979LPW20,8D0YD12
d3cf70e3-71bf-4467-9ac6-938beb0d986f,PNESWDC01,VMware-42 34 31 81 b6 f1 c4 24-de 64 52 4d 1e 1d 28 4e
d3d310ef-4c15-472b-a7e5-766d17a0b1d6,MININT-10FERB6,HMXX593
d3eae295-8279-4f15-9f3b-88b5c1657c86,MCJCU9614LP2W22,2XHM493
d402be07-fb7c-4ffa-8e1c-f4354a070f50,MC202DW19,MJ09AXGH
d41c8203-7480-4ef5-852e-2cdd57925231,PC424C5W18,MJ06GJ44
d5116a06-aee2-47c3-b54a-7a5abf04a9d2,CRCED1117LPW22,PF185U7N
d5311498-2769-4076-bcf9-f757ff15ad61,CASDC01,VMware-42 12 dd 92 f6 3e 71 c7-95 f1 9e 89 93 6c 2d 4d
d54451e3-cc56-4235-a9ae-18fce8ed1a26,MCSDCWIN10-501,VMware-42 12 33 6e d7 c7 f3 43-dc 4a a5 ed 3b cf a0 75
d57664ba-e067-47ce-bd42-d944b5f12e3a,2BTESTB,MJ098B3H
d5e27a61-f5d1-4896-8cac-7007795c586a,WHWYC8947LPW22,BYGY593
d60ad4a7-1dac-4948-adda-a1210923d19a,CSROGB040W19,JWTS942
d635674c-e4b0-4e82-a8aa-b3bb335836bb,PC468C4W18,MJ06HAHL
d6777976-de4d-4e25-96b3-b7e0a1c9b545,CS351HW22,3Y8KKQ3
d67cb899-d9bc-4a5e-b59b-d41c0e4f2eea,AI347FW19,MJ07RGX3
d76d8df0-58c5-4c79-b509-ad0816467c86,PC4FD2W22,MJ09AXRF
d7700ad9-6ead-44fc-994f-b88e2e80cbac,PC425W18,FR4F482
d7b9ec4d-b9c6-4cbd-838b-1885d9625164,SP333EW19,MJ07RGWS
d8991c00-16fa-4b56-95a2-592d94c49514,CS47113W22,GRCP2Q3
d8c0bb87-5c10-4f63-bc21-834526d84a4c,AD474HW19,MJ09AXQX
d8d11ffa-d894-4efd-85ce-a8bf8937aa43,PC3MB8375LPW20,C69W2R1
d91af89f-e385-4bbd-8fcd-5779cdc95be9,SB920CW18,2XDQG42
d96c3da5-3e85-41a2-bad1-7d02016dcdee,BKFD1W21,MJ098B4K
d96d7f46-4692-4a6a-9ddf-bc74498705ff,PC459C2W18,MJ06GTM1
d9864a39-c18a-4a92-bb8b-dbeb02f8fe90,PC3AG5487WFHW21,MJ09AXLL
d9916294-2244-4e8d-8590-925ab16388ef,PADA77DKTPW21,MJ098B4Y
d9a65d62-74fb-4430-9efb-74cb18498192,CS47115W16,7JLCJB2
d9b840bc-c4dc-4cd1-ae4f-c32cf8f529fc,PC340W19,MJ07RGWX
db099e27-cdea-4e27-b328-0692a8506ace,CS351AW22,1Y8KKQ3
dbbf92a4-a0a8-43a6-97d8-2b445464a1cf,MCIKB329W18,PF17U30J~L1HF87L06S6~PF17U30J
dbd78aa7-f936-4351-a1b3-63394f360f72,MC200CW21,MJ08NX9E
dbf848d2-1e49-49d1-9b5e-ade4487068fd,PC324W22,6HMDRN3
dc35e578-6fe3-48e1-90dd-a1b8a716f827,MCBT18W22,3QDQG42
dc383d9d-fa46-4f46-8f4e-9bf8b196892d,PA5W18,MJ06GJ4Q
dc3b6c3e-071e-400f-8b8c-c8c79015413d,SB920FW18,BJFQG42
dc4a9f42-01e3-4c5b-8018-a2cb0b2ae748,WLBW1437LPW22,PF1WMCNL
dc52761d-90ab-4ffc-b6c7-a898646daf3f,PC3NS1W18,MJ06GJ2Y
dc69fa08-cbb3-409a-830d-843974c92c59,PC326W18,FR5D482
dcbdb988-73a9-448b-913c-5b3b2f7a78eb,PC4EKGLP1W21,PF1Q23L0
dccb07cb-eb2e-4e5e-b73e-a28cbccc4313,MCBOAW22,MJ098B4M
dd1fb800-f568-4cf7-9929-5e80eb299144,CSBERLINW18,PF11ABWU
dd3c0699-8f12-4067-aba2-1bc5d016f5b2,CS351LW21,JWTRCX1
dd8e21bd-3c5e-4877-8d31-495b2987021c,CSAA6545LPW21,MJ0ERBF8
ddb3def1-91c2-4d25-a6f6-6e1a595a03b3,IT352IBW22,MJ09AXTL
de0f95d1-8f55-4d7d-935b-cb7868a67583,PSSLOBBY1W22,MJ08NX8Y
de591813-3b71-4aca-95bd-409fe4fb3842,MR2W18,MJ05FP05
de6129f9-eea4-4a01-b982-aa94ed482cf0,HPOSTUDENTBM19,FVFXTASTHV29
de77749f-9164-4ef0-b3cb-88b825ef511e,MC353DW19,MJ08NX8R
de9373e5-ba0e-494d-92fb-94b85afd50a1,PC447W18,FR1L482
df45cc1d-165e-4dd1-b369-8ac9b99eb923,PC457C1W18,MJ06GJ2F
dfd4531a-5a7e-479e-957b-b8e6845967e2,SP333AW19,MJ07RGWU
e012bc84-c542-4d88-b05f-5eecd54f9404,WLER592W19,PF1RMP4A
e0155bad-d453-422a-884d-f05bb5e4f32d,OSCARTESTBOX,VMware-42 34 39 a3 e1 7a 9b 4f-68 cf 14 e8 52 f6 4b 0b
e0ea6cbb-c7f4-4e27-aab6-a00acf10538e,CS351CW21,7JK2JB2
e18d1e8b-2687-4372-a55d-d11f96e29b9f,RUBEN-LAPTOP,3XQ6F63
e18e5259-3a20-4c4d-9cf0-37f8c5e56ff5,FLUVACC02W22,7WS0342
e1ee223c-a151-4b67-9c1e-a0d858a45993,AD474GW22,MJ098B43
e2a80636-e40a-410b-b11f-77bbb819e901,PNES72601,VMware-42 28 cc d8 7f c4 fe af-c4 af 50 bf 62 05 b5 e8
e2bc574f-80a8-4c9a-977c-722ab2949a8c,PA15W18,MJ06GJ5C
e2c3ca73-15e4-4c01-98bf-393eec8a2ef9,MCFD2W19,MJ08NX8W
e2db2fb2-f4a7-45e4-9698-bc48248cc173,PCAJS375PCW22,MJ098B4J
e324778b-be63-4a44-92c2-e6e684034f15,QINIV7154LPW22,7T3Y593
e37c5955-9bc6-4162-9aff-51feeec2a7c4,CSWRD2W20,83W6T32
e41131eb-d7fe-4832-b948-d6180ce253dd,CS47114W22,C3HP2Q3
e4f90b19-a096-43ac-9813-eaed2f268668,MCWDCWIN10-507,VMWARE 42 34 43 D9 67 60 99 F8 31 AB 61 3D 05 F9 5
e527b685-b15a-4541-8598-cee6724267b0,PC315W18,7JM3JB2
e55d916c-5cd8-412e-b0b0-ae236b41aa8c,MCBT13W22,7JN5JB2
e5c12b69-32f3-43cd-aad3-e9b18f4e28a3,SPBELOKL01LPW21,PF1WLRFZ
e5c8e741-99f6-4761-bc1b-7955bfe3aa29,WLRG4572LPW22,GDRL493
e617a5a7-003b-48b3-b166-ab9d00d67f67,WIN10LOW05,VMWARE 42 12 43 19 DE 0E 9F 2E 1B 74 87 10 40 50 6
e6772e1e-5a06-48d6-9d79-45e25f112860,CS47112W16,7JH8JB2
e6a9359b-5355-47f1-85e3-1052420e3772,KITCHEN2W19,MJ08NX8T~~MJ08NX8T
e6c6e2e8-47c0-4540-99de-525311f34526,OPFD1W22,MJ07RGWL
e6d2916c-983e-46bc-9302-353ebcb41d2c,CSSG7860LPW22,GL3Z593
e6da7ad2-ec87-471c-ad9f-3f56ff020069,OV4EXAMW22,7JN2JB2
e787f8ac-09bc-4f78-a70b-03d9a0969fdd,PCROGBO28LABW19,JWTRMM1
e7cef808-173e-4334-af8c-1025248664de,PC311W18,FQYG482
e8f9e039-d7a2-46ff-a1df-d0e5e090ba94,FAAS100W18,MJ05NLF9
e929c158-5059-4d25-bac4-9960078b174e,IT352GAW20,2GNDPX2
e9720c19-c3a9-45b0-9e26-f919d39fadb5,PSSDJ16W20,MJ0BXVZX
e9c93e4d-edd8-4e41-999d-0ece6282ae54,CSKIMMEL806W22,7JJ7JB2
ea9ba218-57da-4200-9c54-e5e37dbcd9c6,PA6W18,MJ06GJ2J
ead52a0e-5ca7-4e66-9970-f4327a7b1ebf,MEDLIBPM1,MJ09AXRH
eaec814f-b4ab-4a32-abc2-717a04b7220c,PSSCRM310W20,MJ0BXVZW
eb07026f-09cd-4830-ae27-5375cc73186e,MININT-1K2L9PB,PF1QAJRR
eb774253-4fe8-4113-8494-8cc789e7825e,BKFD2W18,MJ05NLCG
ebc65bba-31d2-49d6-bc39-2df1cc48d705,PCLPIF26W20,PF11MW1M
ebcef996-f87c-464f-bf26-a4283a2c564e,ALLISONLPW21,PF259XZM
ec8e5c8b-c96c-4b2b-858a-8b3e9bb00cd9,X1WARRANTY,PF1Q1G3W~L1HF95N0098~PF1Q1G3W
ec9ee237-fcdf-4186-94a6-d7a058ef9724,IFRL2842W22,2W1K493
ecfb8c13-3fc0-4d4a-a198-ce4bebc33a44,726WINDOWS2016,DNZXCH2
ed0369f7-3629-4ff9-a0a1-17d5bd4ebd84,WHNS1W18,MJ06GJ4H
ed7d37ea-e3f2-49dc-ab55-8373ea3840eb,FAC352LW22,MJ05NLFE
edcb47de-09ec-4225-9daa-4c53655d36e5,PC4NS6W18,MJ06HAG2
ee8e55de-b261-46cc-a313-78261f43d3bf,DESKTOP-IPK5PEP,73FQG42
ef4ca985-6382-4e86-8326-cea5ce2a58a1,PCROGB026BW19,JWTSD42
ef9c32d8-a739-4763-bf04-fefc67c8b5a5,PC424C2W18,MJ06GJ43
eff0751b-cbff-4206-94e3-619477b30449,APLKWDC01,VMware-42 34 78 46 8f 17 e7 ee-35 98 56 09 b0 8b 8b 21
f03b7253-f25d-4d94-b4e1-48157792913e,PC428W18,7JHCJB2
f09a7949-acb6-465f-8270-25fbfc41cc00,PC334W18,MJ05FNXE
f1020bef-414f-41ba-935c-4de154801797,ITSR5792LPW22,MJ0BXVXP
f181b3d6-cfd9-4f6e-ac4a-92e38bf65ec0,PC3SA6280LPW20,PF1WMF1Y
f2059ce6-1cfb-4ab7-bb9b-3871c152c45b,WH419W18,FR4J482
f25b7a2f-194a-4439-833c-8bd75586d21f,CSLA1W19,PF1Q1EKQ
f27168cf-c2c6-4de8-b614-dfb16a1ce668,PC3MV1748LP1W22,DVDK493
f443a0b8-792c-4521-b45d-356d93760b6e,MININT-VA4F7SF,BCFYR72
f4ce454e-c80e-4af5-af4b-d98446d4574e,MCBT07W22,74FQG42
f4fbef91-10d4-4c83-a535-14a61e6930e3,MCWDCWIN10-503,VMWARE 42 34 7C CB 09 CC F2 B5 F6 C3 13 6A 88 D1 C
f51b7ed1-d6cc-429a-98ad-ba1b6795e395,FLUVACC01W22,JDS0342
f52540f6-e5bb-40a7-bcfe-281f0b8e028a,WLMF154LPW22,6Q1Z593
f550b0e1-24d6-497a-8960-fec970bfaddd,MRAK90W20,JKQ7M32
f5a9a0b5-e79a-413b-91ba-9669468a3867,PHARM3W19,7JJ9JB2
f6237b3f-7d03-4b63-ac42-f5133acc908a,PC3NS3W18,MJ06H0PX
f6b5ae0f-1303-4561-bf9d-67c67a2038eb,PC3FD1W18,MJ05NLEJ
f6e62141-18a5-4b49-a9ba-efa6197bc645,PC3EKGLP1W20,PF1Q9L42
f73cc94a-5291-4116-b207-6d354a3a84e7,MR1W18,MJ05FNYH
f758e253-cc95-48e3-b341-4db69d5d7be7,AD474IW18,MJ05FNWU
f797cf01-441c-4cd6-ae61-cf7e23dd18d5,MC202BW18,MJ07RGX0
f800c43e-1301-4400-ae97-be2412d3cccf,MCBT15W22,FQZJ482
f8b6f280-706b-42a8-84c8-443631ad193d,SB920FDW17,7JGGJB2
f8c594cc-8327-4a5c-bc0b-1a6b46acea75,SP331W19,MJ07RGWH
f8c9631a-b3e6-4167-9953-feed1d157c14,CS471AW16,2KFQG42
f8f79d54-a115-4b39-b5be-c6a034d292dd,MCLKB329LP2W22,82TX593
f8fb840e-c51a-433f-b0ed-02d63b3202f0,PC322B1W18,MJ05NLE0
fad35f37-5a34-47f2-b56b-980b81449935,PC450W18,FR4G482
fbf10c8d-50ce-4b4c-88f6-daade3970f4e,CRCTL2738W22,PF13ZCVR
fc317056-4db1-4ddc-bfd3-e3f677b93ae4,WEBAPPS2016,2604-1272-7676-5118-9210-9534-35
fc8d72ec-77fd-4456-9ed4-65df67a5f53d,LAPTOP-9ANC75VG,PF13ZCUZ
fcb049ed-35e7-4fbd-9a45-6ddaa7319b50,MININT-99OPTAH,VMware-42 28 c7 b5 68 c3 ab c6-4d 48 ab 7d ef f1 91 cd
fccf4e8b-25b2-4260-ab88-68ba703b196b,PC438W18,FQZD482
fd83d913-5d87-4b9e-988e-a167299d780e,OFSDC01,VMware-42 12 4c aa c3 12 e2 ad-f3 6c 34 bb 65 91 a3 8a
fdc6f33d-d6c5-4ec5-befa-21e38bc3a1a2,ALFD2W18,MJ05FNY2
fdd0fc65-0784-4054-9376-4a6ae2c307ec,HPOJENNYX19,F5KXT059F693
fdf75b60-607b-410e-946c-43a7ed529985,WIN10LOW01,VMWARE 42 12 DE 2D B0 B1 99 B4 1C 9B E1 23 9E 93 A
fe7ef25c-c40f-4e14-81b1-3ce0b292d83d,IT352IW22,MJ098B3M
fe85d31e-e040-4604-aa6f-77b3c0baa94f,PTFD2W22,MJ06FCRV
ff91c293-2f0b-48e7-b698-55290b494e5d,IFJL3393W18,PF17U0NH
ff92e629-1345-4739-8a26-d8b231dbb0a9,WELLCAMERAW21,MJ09AXG8
